dt_sin_pri,notified,probable,lab_confirmed,acum_notified,acum_probable,acum_lab_confirmed
2019-06-01,78.85714285714286,30.714285714285715,7.714285714285714,50148.142857142855,26591.14285714286,13097.857142857143
2019-06-02,76.14285714285714,24.714285714285715,8.714285714285714,50224.28571428572,26615.85714285714,13106.57142857143
2019-06-03,73.57142857142857,18.571428571428573,8.285714285714286,50297.857142857145,26634.428571428572,13114.857142857143
2019-06-04,69.14285714285714,14.571428571428571,8.428571428571429,50367.0,26649.0,13123.285714285714
2019-06-05,68.57142857142857,12.428571428571429,8.428571428571429,50435.57142857143,26661.428571428572,13131.714285714286
2019-06-06,68.85714285714286,11.571428571428571,8.0,50504.42857142857,26673.0,13139.714285714286
2019-06-07,68.57142857142857,11.714285714285714,7.142857142857143,50573.0,26684.714285714286,13146.857142857143
2019-06-08,71.57142857142857,12.714285714285714,7.142857142857143,50644.57142857143,26697.428571428572,13154.0
2019-06-09,69.14285714285714,13.571428571428571,6.285714285714286,50713.71428571428,26711.0,13160.285714285714
2019-06-10,67.85714285714286,13.857142857142858,6.428571428571429,50781.57142857143,26724.85714285714,13166.714285714286
2019-06-11,68.85714285714286,13.857142857142858,6.142857142857143,50850.42857142857,26738.714285714286,13172.857142857143
2019-06-12,71.42857142857143,14.142857142857142,5.285714285714286,50921.857142857145,26752.85714285714,13178.142857142857
2019-06-13,70.28571428571429,14.714285714285714,5.285714285714286,50992.142857142855,26767.571428571428,13183.42857142857
2019-06-14,68.14285714285714,15.857142857142858,5.714285714285714,51060.28571428572,26783.428571428572,13189.142857142857
2019-06-15,64.0,15.0,5.285714285714286,51124.28571428572,26798.428571428572,13194.42857142857
2019-06-16,59.0,13.142857142857142,4.714285714285714,51183.28571428572,26811.571428571428,13199.142857142857
2019-06-17,56.142857142857146,13.142857142857142,4.285714285714286,51239.42857142857,26824.714285714286,13203.42857142857
2019-06-18,51.57142857142857,12.857142857142858,3.857142857142857,51291.0,26837.571428571428,13207.285714285714
2019-06-19,43.42857142857143,11.857142857142858,4.0,51334.42857142857,26849.428571428572,13211.285714285714
2019-06-20,42.285714285714285,13.0,4.428571428571429,51376.71428571428,26862.428571428572,13215.714285714286
2019-06-21,42.42857142857143,12.571428571428571,4.857142857142857,51419.142857142855,26875.0,13220.57142857143
2019-06-22,42.285714285714285,13.0,5.0,51461.42857142857,26888.0,13225.57142857143
2019-06-23,42.857142857142854,13.285714285714286,4.857142857142857,51504.28571428572,26901.285714285714,13230.42857142857
2019-06-24,39.42857142857143,12.0,4.857142857142857,51543.71428571428,26913.285714285714,13235.285714285714
2019-06-25,38.57142857142857,11.857142857142858,4.857142857142857,51582.28571428572,26925.14285714286,13240.142857142857
2019-06-26,40.714285714285715,12.571428571428571,4.714285714285714,51623.0,26937.714285714286,13244.857142857143
2019-06-27,40.0,11.0,4.142857142857143,51663.0,26948.714285714286,13249.0
2019-06-28,39.857142857142854,10.285714285714286,3.5714285714285716,51702.857142857145,26959.0,13252.57142857143
2019-06-29,36.714285714285715,8.857142857142858,3.0,51739.57142857143,26967.85714285714,13255.57142857143
2019-06-30,34.285714285714285,8.857142857142858,3.4285714285714284,51773.857142857145,26976.714285714286,13259.0
2019-07-01,34.857142857142854,9.142857142857142,3.0,51808.71428571428,26985.85714285714,13262.0
2019-07-02,34.714285714285715,9.142857142857142,3.142857142857143,51843.42857142857,26995.0,13265.142857142857
2019-07-03,28.857142857142858,7.571428571428571,3.0,51872.28571428572,27002.571428571428,13268.142857142857
2019-07-04,26.571428571428573,7.571428571428571,3.2857142857142856,51898.857142857145,27010.14285714286,13271.42857142857
2019-07-05,22.428571428571427,7.714285714285714,3.142857142857143,51921.28571428572,27017.85714285714,13274.57142857143
2019-07-06,20.285714285714285,7.142857142857143,3.0,51941.57142857143,27025.0,13277.57142857143
2019-07-07,20.0,7.285714285714286,2.2857142857142856,51961.57142857143,27032.285714285714,13279.857142857143
2019-07-08,17.571428571428573,6.571428571428571,2.2857142857142856,51979.142857142855,27038.85714285714,13282.142857142857
2019-07-09,16.428571428571427,6.0,2.0,51995.57142857143,27044.85714285714,13284.142857142857
2019-07-10,17.714285714285715,6.0,1.7142857142857142,52013.28571428572,27050.85714285714,13285.857142857143
2019-07-11,16.428571428571427,5.142857142857143,1.0,52029.71428571428,27056.0,13286.857142857143
2019-07-12,15.857142857142858,4.714285714285714,0.7142857142857143,52045.57142857143,27060.714285714286,13287.57142857143
2019-07-13,17.0,4.857142857142857,0.7142857142857143,52062.57142857143,27065.571428571428,13288.285714285714
2019-07-14,15.571428571428571,3.857142857142857,0.5714285714285714,52078.142857142855,27069.428571428572,13288.857142857143
2019-07-15,13.571428571428571,3.4285714285714284,0.42857142857142855,52091.71428571428,27072.85714285714,13289.285714285714
2019-07-16,12.428571428571429,3.142857142857143,0.5714285714285714,52104.142857142855,27076.0,13289.857142857143
2019-07-17,12.285714285714286,3.0,0.5714285714285714,52116.42857142857,27079.0,13290.42857142857
2019-07-18,13.0,3.142857142857143,0.5714285714285714,52129.42857142857,27082.14285714286,13291.0
2019-07-19,12.285714285714286,2.857142857142857,1.0,52141.71428571428,27085.0,13292.0
2019-07-20,12.0,2.857142857142857,1.0,52153.71428571428,27087.85714285714,13293.0
2019-07-21,12.428571428571429,2.7142857142857144,1.2857142857142858,52166.142857142855,27090.571428571428,13294.285714285714
2019-07-22,13.0,2.7142857142857144,1.4285714285714286,52179.142857142855,27093.285714285714,13295.714285714286
2019-07-23,12.428571428571429,2.7142857142857144,1.1428571428571428,52191.57142857143,27096.0,13296.857142857143
2019-07-24,12.0,2.7142857142857144,1.0,52203.57142857143,27098.714285714286,13297.857142857143
2019-07-25,10.142857142857142,2.2857142857142856,1.0,52213.71428571428,27101.0,13298.857142857143
2019-07-26,10.285714285714286,2.4285714285714284,0.7142857142857143,52224.0,27103.428571428572,13299.57142857143
2019-07-27,9.285714285714286,2.142857142857143,0.5714285714285714,52233.28571428572,27105.571428571428,13300.142857142857
2019-07-28,8.142857142857142,1.7142857142857142,0.2857142857142857,52241.42857142857,27107.285714285714,13300.42857142857
2019-07-29,7.857142857142857,1.7142857142857142,0.14285714285714285,52249.28571428572,27109.0,13300.57142857143
2019-07-30,9.0,1.5714285714285714,0.2857142857142857,52258.28571428572,27110.571428571428,13300.857142857143
2019-07-31,8.285714285714286,1.1428571428571428,0.2857142857142857,52266.57142857143,27111.714285714286,13301.142857142857
2019-08-01,8.714285714285714,1.2857142857142858,0.2857142857142857,52275.28571428572,27113.0,13301.42857142857
2019-08-02,8.0,0.5714285714285714,0.14285714285714285,52283.28571428572,27113.571428571428,13301.57142857143
2019-08-03,7.857142857142857,0.5714285714285714,0.14285714285714285,52291.142857142855,27114.14285714286,13301.714285714286
2019-08-04,7.714285714285714,0.8571428571428571,0.42857142857142855,52298.857142857145,27115.0,13302.142857142857
2019-08-05,7.571428571428571,0.7142857142857143,0.42857142857142855,52306.42857142857,27115.714285714286,13302.57142857143
2019-08-06,7.285714285714286,0.7142857142857143,0.2857142857142857,52313.71428571428,27116.428571428572,13302.857142857143
2019-08-07,7.428571428571429,0.7142857142857143,0.2857142857142857,52321.142857142855,27117.14285714286,13303.142857142857
2019-08-08,7.0,0.8571428571428571,0.5714285714285714,52328.142857142855,27118.0,13303.714285714286
2019-08-09,7.142857142857143,1.1428571428571428,0.7142857142857143,52335.28571428572,27119.14285714286,13304.42857142857
2019-08-10,7.714285714285714,1.2857142857142858,0.8571428571428571,52343.0,27120.428571428572,13305.285714285714
2019-08-11,8.285714285714286,1.1428571428571428,0.5714285714285714,52351.28571428572,27121.571428571428,13305.857142857143
2019-08-12,8.142857142857142,1.2857142857142858,0.5714285714285714,52359.42857142857,27122.85714285714,13306.42857142857
2019-08-13,7.428571428571429,1.5714285714285714,0.8571428571428571,52366.857142857145,27124.428571428572,13307.285714285714
2019-08-14,7.428571428571429,2.0,1.1428571428571428,52374.28571428572,27126.428571428572,13308.42857142857
2019-08-15,7.714285714285714,2.4285714285714284,1.0,52382.0,27128.85714285714,13309.42857142857
2019-08-16,8.0,2.5714285714285716,0.8571428571428571,52390.0,27131.428571428572,13310.285714285714
2019-08-17,8.142857142857142,3.0,0.7142857142857143,52398.142857142855,27134.428571428572,13311.0
2019-08-18,7.714285714285714,3.0,0.7142857142857143,52405.857142857145,27137.428571428572,13311.714285714286
2019-08-19,8.571428571428571,3.5714285714285716,0.7142857142857143,52414.42857142857,27141.0,13312.42857142857
2019-08-20,9.857142857142858,3.857142857142857,0.42857142857142855,52424.28571428572,27144.85714285714,13312.857142857143
2019-08-21,10.142857142857142,3.857142857142857,0.14285714285714285,52434.42857142857,27148.714285714286,13313.0
2019-08-22,9.571428571428571,3.2857142857142856,0.0,52444.0,27152.0,13313.0
2019-08-23,10.0,3.5714285714285716,0.0,52454.0,27155.571428571428,13313.0
2019-08-24,9.428571428571429,3.142857142857143,0.14285714285714285,52463.42857142857,27158.714285714286,13313.142857142857
2019-08-25,10.285714285714286,3.4285714285714284,0.42857142857142855,52473.71428571428,27162.14285714286,13313.57142857143
2019-08-26,10.571428571428571,3.142857142857143,0.5714285714285714,52484.28571428572,27165.285714285714,13314.142857142857
2019-08-27,10.571428571428571,3.142857142857143,0.8571428571428571,52494.857142857145,27168.428571428572,13315.0
2019-08-28,11.0,3.142857142857143,0.8571428571428571,52505.857142857145,27171.571428571428,13315.857142857143
2019-08-29,11.857142857142858,3.142857142857143,0.8571428571428571,52517.71428571428,27174.714285714286,13316.714285714286
2019-08-30,12.0,3.2857142857142856,1.1428571428571428,52529.71428571428,27178.0,13317.857142857143
2019-08-31,12.0,3.7142857142857144,1.2857142857142858,52541.71428571428,27181.714285714286,13319.142857142857
2019-09-01,11.428571428571429,3.7142857142857144,1.1428571428571428,52553.142857142855,27185.428571428572,13320.285714285714
2019-09-02,11.0,3.857142857142857,1.0,52564.142857142855,27189.285714285714,13321.285714285714
2019-09-03,9.0,3.142857142857143,0.7142857142857143,52573.142857142855,27192.428571428572,13322.0
2019-09-04,9.0,3.142857142857143,0.7142857142857143,52582.142857142855,27195.571428571428,13322.714285714286
2019-09-05,9.0,3.4285714285714284,0.8571428571428571,52591.142857142855,27199.0,13323.57142857143
2019-09-06,9.428571428571429,3.142857142857143,0.7142857142857143,52600.57142857143,27202.14285714286,13324.285714285714
2019-09-07,9.285714285714286,2.7142857142857144,0.42857142857142855,52609.857142857145,27204.85714285714,13324.714285714286
2019-09-08,9.142857142857142,2.7142857142857144,0.2857142857142857,52619.0,27207.571428571428,13325.0
2019-09-09,9.571428571428571,2.142857142857143,0.2857142857142857,52628.57142857143,27209.714285714286,13325.285714285714
2019-09-10,11.428571428571429,3.0,0.42857142857142855,52640.0,27212.714285714286,13325.714285714286
2019-09-11,11.142857142857142,3.2857142857142856,0.8571428571428571,52651.142857142855,27216.0,13326.57142857143
2019-09-12,11.142857142857142,3.142857142857143,0.7142857142857143,52662.28571428572,27219.14285714286,13327.285714285714
2019-09-13,10.285714285714286,2.857142857142857,0.5714285714285714,52672.57142857143,27222.0,13327.857142857143
2019-09-14,10.714285714285714,3.0,0.7142857142857143,52683.28571428572,27225.0,13328.57142857143
2019-09-15,11.142857142857142,3.142857142857143,0.7142857142857143,52694.42857142857,27228.14285714286,13329.285714285714
2019-09-16,10.857142857142858,3.7142857142857144,0.7142857142857143,52705.28571428572,27231.85714285714,13330.0
2019-09-17,10.0,3.2857142857142856,0.5714285714285714,52715.28571428572,27235.14285714286,13330.57142857143
2019-09-18,9.428571428571429,2.857142857142857,0.14285714285714285,52724.71428571428,27238.0,13330.714285714286
2019-09-19,9.428571428571429,3.142857142857143,0.14285714285714285,52734.142857142855,27241.14285714286,13330.857142857143
2019-09-20,9.857142857142858,3.5714285714285716,0.2857142857142857,52744.0,27244.714285714286,13331.142857142857
2019-09-21,9.571428571428571,3.5714285714285716,0.42857142857142855,52753.57142857143,27248.285714285714,13331.57142857143
2019-09-22,10.0,3.2857142857142856,0.42857142857142855,52763.57142857143,27251.571428571428,13332.0
2019-09-23,11.285714285714286,3.4285714285714284,0.42857142857142855,52774.857142857145,27255.0,13332.42857142857
2019-09-24,13.142857142857142,4.0,0.7142857142857143,52788.0,27259.0,13333.142857142857
2019-09-25,13.0,4.0,0.8571428571428571,52801.0,27263.0,13334.0
2019-09-26,13.285714285714286,3.857142857142857,0.8571428571428571,52814.28571428572,27266.85714285714,13334.857142857143
2019-09-27,13.571428571428571,3.7142857142857144,0.7142857142857143,52827.857142857145,27270.571428571428,13335.57142857143
2019-09-28,15.0,5.0,0.8571428571428571,52842.857142857145,27275.571428571428,13336.42857142857
2019-09-29,14.428571428571429,5.428571428571429,1.0,52857.28571428572,27281.0,13337.42857142857
2019-09-30,13.714285714285714,5.285714285714286,1.1428571428571428,52871.0,27286.285714285714,13338.57142857143
2019-10-01,15.428571428571429,5.285714285714286,1.0,52886.42857142857,27291.571428571428,13339.57142857143
2019-10-02,17.142857142857142,5.285714285714286,0.8571428571428571,52903.57142857143,27296.85714285714,13340.42857142857
2019-10-03,18.0,5.714285714285714,0.8571428571428571,52921.57142857143,27302.571428571428,13341.285714285714
2019-10-04,18.142857142857142,5.571428571428571,0.8571428571428571,52939.71428571428,27308.14285714286,13342.142857142857
2019-10-05,17.428571428571427,4.142857142857143,0.42857142857142855,52957.142857142855,27312.285714285714,13342.57142857143
2019-10-06,17.714285714285715,4.428571428571429,0.2857142857142857,52974.857142857145,27316.714285714286,13342.857142857143
2019-10-07,17.428571428571427,4.428571428571429,0.14285714285714285,52992.28571428572,27321.14285714286,13343.0
2019-10-08,14.714285714285714,4.0,0.0,53007.0,27325.14285714286,13343.0
2019-10-09,15.0,4.571428571428571,0.0,53022.0,27329.714285714286,13343.0
2019-10-10,15.0,4.142857142857143,0.0,53037.0,27333.85714285714,13343.0
2019-10-11,15.285714285714286,4.285714285714286,0.14285714285714285,53052.28571428572,27338.14285714286,13343.142857142857
2019-10-12,17.0,4.714285714285714,0.14285714285714285,53069.28571428572,27342.85714285714,13343.285714285714
2019-10-13,17.428571428571427,4.428571428571429,0.14285714285714285,53086.71428571428,27347.285714285714,13343.42857142857
2019-10-14,19.0,4.857142857142857,0.2857142857142857,53105.71428571428,27352.14285714286,13343.714285714286
2019-10-15,20.428571428571427,5.857142857142857,0.5714285714285714,53126.142857142855,27358.0,13344.285714285714
2019-10-16,20.857142857142858,5.714285714285714,0.5714285714285714,53147.0,27363.714285714286,13344.857142857143
2019-10-17,22.0,6.857142857142857,0.5714285714285714,53169.0,27370.571428571428,13345.42857142857
2019-10-18,22.285714285714285,7.285714285714286,0.42857142857142855,53191.28571428572,27377.85714285714,13345.857142857143
2019-10-19,20.428571428571427,7.428571428571429,0.5714285714285714,53211.71428571428,27385.285714285714,13346.42857142857
2019-10-20,23.285714285714285,9.142857142857142,0.7142857142857143,53235.0,27394.428571428572,13347.142857142857
2019-10-21,23.714285714285715,8.857142857142858,0.5714285714285714,53258.71428571428,27403.285714285714,13347.714285714286
2019-10-22,22.714285714285715,8.285714285714286,0.2857142857142857,53281.42857142857,27411.571428571428,13348.0
2019-10-23,23.142857142857142,9.428571428571429,0.42857142857142855,53304.57142857143,27421.0,13348.42857142857
2019-10-24,23.714285714285715,9.571428571428571,0.7142857142857143,53328.28571428572,27430.571428571428,13349.142857142857
2019-10-25,25.142857142857142,9.285714285714286,0.7142857142857143,53353.42857142857,27439.85714285714,13349.857142857143
2019-10-26,25.571428571428573,8.857142857142858,0.5714285714285714,53379.0,27448.714285714286,13350.42857142857
2019-10-27,23.142857142857142,7.0,0.42857142857142855,53402.142857142855,27455.714285714286,13350.857142857143
2019-10-28,22.285714285714285,7.285714285714286,0.42857142857142855,53424.42857142857,27463.0,13351.285714285714
2019-10-29,22.571428571428573,7.285714285714286,0.5714285714285714,53447.0,27470.285714285714,13351.857142857143
2019-10-30,23.285714285714285,6.0,0.42857142857142855,53470.28571428572,27476.285714285714,13352.285714285714
2019-10-31,22.142857142857142,5.142857142857143,0.14285714285714285,53492.42857142857,27481.428571428572,13352.42857142857
2019-11-01,22.0,5.714285714285714,0.14285714285714285,53514.42857142857,27487.14285714286,13352.57142857143
2019-11-02,22.0,5.857142857142857,0.14285714285714285,53536.42857142857,27493.0,13352.714285714286
2019-11-03,21.428571428571427,6.285714285714286,0.14285714285714285,53557.857142857145,27499.285714285714,13352.857142857143
2019-11-04,22.857142857142858,6.428571428571429,0.2857142857142857,53580.71428571428,27505.714285714286,13353.142857142857
2019-11-05,22.714285714285715,6.285714285714286,0.14285714285714285,53603.42857142857,27512.0,13353.285714285714
2019-11-06,20.428571428571427,6.142857142857143,0.14285714285714285,53623.857142857145,27518.14285714286,13353.42857142857
2019-11-07,22.571428571428573,7.142857142857143,0.42857142857142855,53646.42857142857,27525.285714285714,13353.857142857143
2019-11-08,21.285714285714285,6.571428571428571,0.42857142857142855,53667.71428571428,27531.85714285714,13354.285714285714
2019-11-09,24.571428571428573,7.857142857142857,0.5714285714285714,53692.28571428572,27539.714285714286,13354.857142857143
2019-11-10,26.0,8.0,0.7142857142857143,53718.28571428572,27547.714285714286,13355.57142857143
2019-11-11,26.142857142857142,8.285714285714286,0.7142857142857143,53744.42857142857,27556.0,13356.285714285714
2019-11-12,27.0,8.0,0.7142857142857143,53771.42857142857,27564.0,13357.0
2019-11-13,29.285714285714285,8.428571428571429,0.7142857142857143,53800.71428571428,27572.428571428572,13357.714285714286
2019-11-14,27.142857142857142,6.857142857142857,0.42857142857142855,53827.857142857145,27579.285714285714,13358.142857142857
2019-11-15,26.857142857142858,7.0,0.42857142857142855,53854.71428571428,27586.285714285714,13358.57142857143
2019-11-16,23.857142857142858,5.714285714285714,0.42857142857142855,53878.57142857143,27592.0,13359.0
2019-11-17,25.285714285714285,6.285714285714286,0.42857142857142855,53903.857142857145,27598.285714285714,13359.42857142857
2019-11-18,24.428571428571427,6.571428571428571,0.2857142857142857,53928.28571428572,27604.85714285714,13359.714285714286
2019-11-19,26.285714285714285,9.0,0.2857142857142857,53954.57142857143,27613.85714285714,13360.0
2019-11-20,25.285714285714285,9.142857142857142,0.2857142857142857,53979.857142857145,27623.0,13360.285714285714
2019-11-21,25.142857142857142,9.857142857142858,0.5714285714285714,54005.0,27632.85714285714,13360.857142857143
2019-11-22,26.285714285714285,9.857142857142858,0.7142857142857143,54031.28571428572,27642.714285714286,13361.57142857143
2019-11-23,26.571428571428573,10.285714285714286,0.5714285714285714,54057.857142857145,27653.0,13362.142857142857
2019-11-24,24.571428571428573,9.857142857142858,0.5714285714285714,54082.42857142857,27662.85714285714,13362.714285714286
2019-11-25,25.714285714285715,10.142857142857142,0.8571428571428571,54108.142857142855,27673.0,13363.57142857143
2019-11-26,23.285714285714285,8.0,1.0,54131.42857142857,27681.0,13364.57142857143
2019-11-27,24.0,8.285714285714286,1.2857142857142858,54155.42857142857,27689.285714285714,13365.857142857143
2019-11-28,24.571428571428573,8.571428571428571,1.2857142857142858,54180.0,27697.85714285714,13367.142857142857
2019-11-29,23.285714285714285,8.857142857142858,1.1428571428571428,54203.28571428572,27706.714285714286,13368.285714285714
2019-11-30,22.714285714285715,8.571428571428571,1.1428571428571428,54226.0,27715.285714285714,13369.42857142857
2019-12-01,23.428571428571427,8.714285714285714,1.2857142857142858,54249.42857142857,27724.0,13370.714285714286
2019-12-02,22.428571428571427,8.285714285714286,1.2857142857142858,54271.857142857145,27732.285714285714,13372.0
2019-12-03,23.857142857142858,9.0,1.4285714285714286,54295.71428571428,27741.285714285714,13373.42857142857
2019-12-04,22.857142857142858,9.0,2.142857142857143,54318.57142857143,27750.285714285714,13375.57142857143
2019-12-05,23.571428571428573,8.857142857142858,2.0,54342.142857142855,27759.14285714286,13377.57142857143
2019-12-06,24.428571428571427,9.0,2.4285714285714284,54366.57142857143,27768.14285714286,13380.0
2019-12-07,24.714285714285715,9.571428571428571,2.4285714285714284,54391.28571428572,27777.714285714286,13382.42857142857
2019-12-08,23.428571428571427,9.0,2.142857142857143,54414.71428571428,27786.714285714286,13384.57142857143
2019-12-09,23.0,9.0,2.2857142857142856,54437.71428571428,27795.714285714286,13386.857142857143
2019-12-10,23.285714285714285,9.142857142857142,2.142857142857143,54461.0,27804.85714285714,13389.0
2019-12-11,24.0,9.857142857142858,1.4285714285714286,54485.0,27814.714285714286,13390.42857142857
2019-12-12,23.571428571428573,10.285714285714286,1.5714285714285714,54508.57142857143,27825.0,13392.0
2019-12-13,25.428571428571427,11.428571428571429,2.2857142857142856,54534.0,27836.428571428572,13394.285714285714
2019-12-14,26.0,11.714285714285714,2.7142857142857144,54560.0,27848.14285714286,13397.0
2019-12-15,25.857142857142858,11.714285714285714,2.857142857142857,54585.857142857145,27859.85714285714,13399.857142857143
2019-12-16,25.571428571428573,12.0,2.857142857142857,54611.42857142857,27871.85714285714,13402.714285714286
2019-12-17,25.285714285714285,12.428571428571429,2.857142857142857,54636.71428571428,27884.285714285714,13405.57142857143
2019-12-18,24.0,12.0,3.142857142857143,54660.71428571428,27896.285714285714,13408.714285714286
2019-12-19,24.0,11.857142857142858,3.0,54684.71428571428,27908.14285714286,13411.714285714286
2019-12-20,21.857142857142858,10.285714285714286,2.0,54706.57142857143,27918.428571428572,13413.714285714286
2019-12-21,22.0,9.857142857142858,2.0,54728.57142857143,27928.285714285714,13415.714285714286
2019-12-22,21.571428571428573,9.714285714285714,1.8571428571428572,54750.142857142855,27938.0,13417.57142857143
2019-12-23,21.428571428571427,8.857142857142858,1.5714285714285714,54771.57142857143,27946.85714285714,13419.142857142857
2019-12-24,19.142857142857142,7.714285714285714,1.5714285714285714,54790.71428571428,27954.571428571428,13420.714285714286
2019-12-25,19.857142857142858,7.142857142857143,1.1428571428571428,54810.57142857143,27961.714285714286,13421.857142857143
2019-12-26,20.0,7.714285714285714,1.1428571428571428,54830.57142857143,27969.428571428572,13423.0
2019-12-27,22.571428571428573,9.428571428571429,1.2857142857142858,54853.142857142855,27978.85714285714,13424.285714285714
2019-12-28,22.714285714285715,9.285714285714286,1.0,54875.857142857145,27988.14285714286,13425.285714285714
2019-12-29,23.571428571428573,9.857142857142858,1.2857142857142858,54899.42857142857,27998.0,13426.57142857143
2019-12-30,23.285714285714285,10.714285714285714,1.5714285714285714,54922.71428571428,28008.714285714286,13428.142857142857
2019-12-31,23.142857142857142,11.142857142857142,2.0,54945.857142857145,28019.85714285714,13430.142857142857
2020-01-01,24.428571428571427,12.285714285714286,2.7142857142857144,54970.28571428572,28032.14285714286,13432.857142857143
2020-01-02,26.142857142857142,12.714285714285714,2.857142857142857,54996.42857142857,28044.85714285714,13435.714285714286
2020-01-03,25.285714285714285,12.714285714285714,2.857142857142857,55021.71428571428,28057.571428571428,13438.57142857143
2020-01-04,27.142857142857142,14.714285714285714,3.142857142857143,55048.857142857145,28072.285714285714,13441.714285714286
2020-01-05,30.714285714285715,17.0,3.5714285714285716,55079.57142857143,28089.285714285714,13445.285714285714
2020-01-06,33.142857142857146,18.857142857142858,3.4285714285714284,55112.71428571428,28108.14285714286,13448.714285714286
2020-01-07,35.57142857142857,19.571428571428573,3.0,55148.28571428572,28127.714285714286,13451.714285714286
2020-01-08,37.57142857142857,21.428571428571427,3.142857142857143,55185.857142857145,28149.14285714286,13454.857142857143
2020-01-09,35.42857142857143,21.0,3.4285714285714284,55221.28571428572,28170.14285714286,13458.285714285714
2020-01-10,37.285714285714285,22.571428571428573,3.7142857142857144,55258.57142857143,28192.714285714286,13462.0
2020-01-11,36.285714285714285,22.428571428571427,3.5714285714285716,55294.857142857145,28215.14285714286,13465.57142857143
2020-01-12,36.0,23.142857142857142,3.4285714285714284,55330.857142857145,28238.285714285714,13469.0
2020-01-13,35.714285714285715,22.857142857142858,3.4285714285714284,55366.57142857143,28261.14285714286,13472.42857142857
2020-01-14,39.714285714285715,26.428571428571427,4.142857142857143,55406.28571428572,28287.571428571428,13476.57142857143
2020-01-15,39.42857142857143,26.285714285714285,3.857142857142857,55445.71428571428,28313.85714285714,13480.42857142857
2020-01-16,42.142857142857146,27.571428571428573,4.0,55487.857142857145,28341.428571428572,13484.42857142857
2020-01-17,41.0,27.0,4.0,55528.857142857145,28368.428571428572,13488.42857142857
2020-01-18,46.42857142857143,30.142857142857142,4.571428571428571,55575.28571428572,28398.571428571428,13493.0
2020-01-19,48.714285714285715,31.285714285714285,5.714285714285714,55624.0,28429.85714285714,13498.714285714286
2020-01-20,52.57142857142857,33.42857142857143,5.571428571428571,55676.57142857143,28463.285714285714,13504.285714285714
2020-01-21,53.714285714285715,35.285714285714285,6.714285714285714,55730.28571428572,28498.571428571428,13511.0
2020-01-22,59.42857142857143,40.714285714285715,7.428571428571429,55789.71428571428,28539.285714285714,13518.42857142857
2020-01-23,62.857142857142854,44.857142857142854,8.142857142857142,55852.57142857143,28584.14285714286,13526.57142857143
2020-01-24,70.28571428571429,50.42857142857143,8.857142857142858,55922.857142857145,28634.571428571428,13535.42857142857
2020-01-25,72.0,52.714285714285715,9.0,55994.857142857145,28687.285714285714,13544.42857142857
2020-01-26,78.57142857142857,59.0,8.142857142857142,56073.42857142857,28746.285714285714,13552.57142857143
2020-01-27,82.85714285714286,64.28571428571429,9.428571428571429,56156.28571428572,28810.571428571428,13562.0
2020-01-28,89.28571428571429,69.71428571428571,7.428571428571429,56245.57142857143,28880.285714285714,13569.42857142857
2020-01-29,88.28571428571429,68.0,6.428571428571429,56333.857142857145,28948.285714285714,13575.857142857143
2020-01-30,91.42857142857143,71.0,6.571428571428571,56425.28571428572,29019.285714285714,13582.42857142857
2020-01-31,90.85714285714286,70.14285714285714,6.857142857142857,56516.142857142855,29089.428571428572,13589.285714285714
2020-02-01,101.71428571428571,80.71428571428571,8.142857142857142,56617.857142857145,29170.14285714286,13597.42857142857
2020-02-02,103.42857142857143,82.85714285714286,9.857142857142858,56721.28571428572,29253.0,13607.285714285714
2020-02-03,112.57142857142857,91.85714285714286,10.285714285714286,56833.857142857145,29344.85714285714,13617.57142857143
2020-02-04,113.71428571428571,93.42857142857143,11.571428571428571,56947.57142857143,29438.285714285714,13629.142857142857
2020-02-05,123.71428571428571,104.42857142857143,13.0,57071.28571428572,29542.714285714286,13642.142857142857
2020-02-06,130.42857142857142,110.71428571428571,13.428571428571429,57201.71428571428,29653.428571428572,13655.57142857143
2020-02-07,143.42857142857142,124.71428571428571,13.857142857142858,57345.142857142855,29778.14285714286,13669.42857142857
2020-02-08,141.42857142857142,124.42857142857143,13.428571428571429,57486.57142857143,29902.571428571428,13682.857142857143
2020-02-09,155.42857142857142,137.57142857142858,12.0,57642.0,30040.14285714286,13694.857142857143
2020-02-10,171.0,152.28571428571428,13.857142857142858,57813.0,30192.428571428572,13708.714285714286
2020-02-11,190.57142857142858,169.71428571428572,15.0,58003.57142857143,30362.14285714286,13723.714285714286
2020-02-12,199.71428571428572,177.57142857142858,15.571428571428571,58203.28571428572,30539.714285714286,13739.285714285714
2020-02-13,214.71428571428572,192.0,15.714285714285714,58418.0,30731.714285714286,13755.0
2020-02-14,223.85714285714286,199.71428571428572,16.0,58641.857142857145,30931.428571428572,13771.0
2020-02-15,238.85714285714286,214.28571428571428,16.571428571428573,58880.71428571428,31145.714285714286,13787.57142857143
2020-02-16,241.28571428571428,217.42857142857142,17.428571428571427,59122.0,31363.14285714286,13805.0
2020-02-17,251.42857142857142,227.28571428571428,16.285714285714285,59373.42857142857,31590.428571428572,13821.285714285714
2020-02-18,251.71428571428572,229.57142857142858,15.142857142857142,59625.142857142855,31820.0,13836.42857142857
2020-02-19,268.0,245.57142857142858,14.857142857142858,59893.142857142855,32065.571428571428,13851.285714285714
2020-02-20,271.0,248.42857142857142,13.857142857142858,60164.142857142855,32314.0,13865.142857142857
2020-02-21,280.14285714285717,257.42857142857144,13.714285714285714,60444.28571428572,32571.428571428572,13878.857142857143
2020-02-22,276.85714285714283,254.85714285714286,12.571428571428571,60721.142857142855,32826.28571428572,13891.42857142857
2020-02-23,296.85714285714283,275.7142857142857,12.571428571428571,61018.0,33102.0,13904.0
2020-02-24,294.14285714285717,274.14285714285717,12.142857142857142,61312.142857142855,33376.142857142855,13916.142857142857
2020-02-25,305.0,285.57142857142856,12.428571428571429,61617.142857142855,33661.71428571428,13928.57142857143
2020-02-26,316.7142857142857,297.85714285714283,12.285714285714286,61933.857142857145,33959.57142857143,13940.857142857143
2020-02-27,333.42857142857144,316.0,13.285714285714286,62267.28571428572,34275.57142857143,13954.142857142857
2020-02-28,351.2857142857143,335.57142857142856,13.142857142857142,62618.57142857143,34611.142857142855,13967.285714285714
2020-02-29,368.7142857142857,353.42857142857144,15.285714285714286,62987.28571428572,34964.57142857143,13982.57142857143
2020-03-01,378.57142857142856,362.57142857142856,14.428571428571429,63365.857142857145,35327.142857142855,13997.0
2020-03-02,400.57142857142856,384.57142857142856,13.857142857142858,63766.42857142857,35711.71428571428,14010.857142857143
2020-03-03,413.85714285714283,398.42857142857144,13.857142857142858,64180.28571428572,36110.142857142855,14024.714285714286
2020-03-04,412.2857142857143,398.85714285714283,13.571428571428571,64592.57142857143,36509.0,14038.285714285714
2020-03-05,416.7142857142857,401.2857142857143,11.714285714285714,65009.28571428572,36910.28571428572,14050.0
2020-03-06,413.85714285714283,398.57142857142856,10.428571428571429,65423.142857142855,37308.857142857145,14060.42857142857
2020-03-07,411.57142857142856,395.42857142857144,7.714285714285714,65834.71428571429,37704.28571428572,14068.142857142857
2020-03-08,402.85714285714283,388.2857142857143,7.857142857142857,66237.57142857143,38092.57142857143,14076.0
2020-03-09,401.0,387.2857142857143,7.285714285714286,66638.57142857143,38479.857142857145,14083.285714285714
2020-03-10,400.2857142857143,385.85714285714283,6.714285714285714,67038.85714285714,38865.71428571428,14090.0
2020-03-11,395.14285714285717,380.42857142857144,5.714285714285714,67434.0,39246.142857142855,14095.714285714286
2020-03-12,386.7142857142857,374.14285714285717,6.714285714285714,67820.71428571429,39620.28571428572,14102.42857142857
2020-03-13,373.7142857142857,362.42857142857144,6.857142857142857,68194.42857142857,39982.71428571428,14109.285714285714
2020-03-14,372.7142857142857,361.14285714285717,6.857142857142857,68567.14285714286,40343.857142857145,14116.142857142857
2020-03-15,364.0,352.85714285714283,6.428571428571429,68931.14285714286,40696.71428571428,14122.57142857143
2020-03-16,349.57142857142856,339.0,6.142857142857143,69280.71428571429,41035.71428571428,14128.714285714286
2020-03-17,330.2857142857143,321.57142857142856,5.285714285714286,69611.0,41357.28571428572,14134.0
2020-03-18,309.57142857142856,302.0,5.0,69920.57142857143,41659.28571428572,14139.0
2020-03-19,291.14285714285717,285.14285714285717,4.571428571428571,70211.71428571429,41944.42857142857,14143.57142857143
2020-03-20,279.0,273.42857142857144,4.285714285714286,70490.71428571429,42217.857142857145,14147.857142857143
2020-03-21,258.85714285714283,255.0,4.285714285714286,70749.57142857143,42472.857142857145,14152.142857142857
2020-03-22,245.28571428571428,241.71428571428572,4.428571428571429,70994.85714285714,42714.57142857143,14156.57142857143
2020-03-23,222.14285714285714,218.57142857142858,4.285714285714286,71217.0,42933.142857142855,14160.857142857143
2020-03-24,206.42857142857142,202.71428571428572,5.142857142857143,71423.42857142857,43135.857142857145,14166.0
2020-03-25,204.0,200.71428571428572,5.0,71627.42857142857,43336.57142857143,14171.0
2020-03-26,200.14285714285714,196.71428571428572,4.571428571428571,71827.57142857143,43533.28571428572,14175.57142857143
2020-03-27,196.42857142857142,193.0,5.0,72024.0,43726.28571428572,14180.57142857143
2020-03-28,201.57142857142858,197.14285714285714,5.571428571428571,72225.57142857143,43923.42857142857,14186.142857142857
2020-03-29,202.71428571428572,198.28571428571428,5.428571428571429,72428.28571428571,44121.71428571428,14191.57142857143
2020-03-30,206.14285714285714,201.42857142857142,5.571428571428571,72634.42857142857,44323.142857142855,14197.142857142857
2020-03-31,202.85714285714286,197.85714285714286,4.857142857142857,72837.28571428571,44521.0,14202.0
2020-04-01,202.57142857142858,196.57142857142858,5.571428571428571,73039.85714285714,44717.57142857143,14207.57142857143
2020-04-02,194.57142857142858,188.42857142857142,5.857142857142857,73234.42857142857,44906.0,14213.42857142857
2020-04-03,186.71428571428572,180.0,5.428571428571429,73421.14285714286,45086.0,14218.857142857143
2020-04-04,178.14285714285714,172.28571428571428,5.142857142857143,73599.28571428571,45258.28571428572,14224.0
2020-04-05,171.71428571428572,165.14285714285714,5.285714285714286,73771.0,45423.42857142857,14229.285714285714
2020-04-06,162.42857142857142,156.71428571428572,5.714285714285714,73933.42857142857,45580.142857142855,14235.0
2020-04-07,155.42857142857142,149.85714285714286,5.571428571428571,74088.85714285714,45730.0,14240.57142857143
2020-04-08,147.0,141.71428571428572,5.571428571428571,74235.85714285714,45871.71428571428,14246.142857142857
2020-04-09,141.71428571428572,136.57142857142858,5.428571428571429,74377.57142857143,46008.28571428572,14251.57142857143
2020-04-10,137.14285714285714,131.0,6.0,74514.71428571429,46139.28571428572,14257.57142857143
2020-04-11,131.14285714285714,125.0,5.571428571428571,74645.85714285714,46264.28571428572,14263.142857142857
2020-04-12,119.14285714285714,113.14285714285714,4.714285714285714,74765.0,46377.42857142857,14267.857142857143
2020-04-13,114.14285714285714,107.57142857142857,4.285714285714286,74879.14285714286,46485.0,14272.142857142857
2020-04-14,110.42857142857143,103.14285714285714,4.571428571428571,74989.57142857143,46588.142857142855,14276.714285714286
2020-04-15,101.42857142857143,92.57142857142857,4.142857142857143,75091.0,46680.71428571428,14280.857142857143
2020-04-16,98.57142857142857,87.85714285714286,3.7142857142857144,75189.57142857143,46768.57142857143,14284.57142857143
2020-04-17,96.14285714285714,83.0,3.4285714285714284,75285.71428571429,46851.57142857143,14288.0
2020-04-18,92.14285714285714,73.57142857142857,3.857142857142857,75377.85714285714,46925.142857142855,14291.857142857143
2020-04-19,93.14285714285714,65.14285714285714,4.0,75471.0,46990.28571428572,14295.857142857143
2020-04-20,87.85714285714286,53.285714285714285,3.5714285714285716,75558.85714285714,47043.57142857143,14299.42857142857
2020-04-21,87.42857142857143,46.142857142857146,3.142857142857143,75646.28571428571,47089.71428571428,14302.57142857143
2020-04-22,87.14285714285714,41.714285714285715,2.7142857142857144,75733.42857142857,47131.42857142857,14305.285714285714
2020-04-23,88.57142857142857,36.0,3.142857142857143,75822.0,47167.42857142857,14308.42857142857
2020-04-24,87.71428571428571,30.0,3.142857142857143,75909.71428571429,47197.42857142857,14311.57142857143
2020-04-25,86.14285714285714,26.0,2.7142857142857144,75995.85714285714,47223.42857142857,14314.285714285714
2020-04-26,83.71428571428571,23.714285714285715,3.2857142857142856,76079.57142857143,47247.142857142855,14317.57142857143
2020-04-27,87.0,23.142857142857142,4.142857142857143,76166.57142857143,47270.28571428572,14321.714285714286
2020-04-28,85.71428571428571,22.428571428571427,5.0,76252.28571428571,47292.71428571428,14326.714285714286
2020-04-29,84.71428571428571,20.142857142857142,5.285714285714286,76337.0,47312.857142857145,14332.0
2020-04-30,81.0,20.142857142857142,5.857142857142857,76418.0,47333.0,14337.857142857143
2020-05-01,79.71428571428571,18.571428571428573,5.714285714285714,76497.71428571429,47351.57142857143,14343.57142857143
2020-05-02,79.42857142857143,19.0,6.285714285714286,76577.14285714286,47370.57142857143,14349.857142857143
2020-05-03,76.28571428571429,17.714285714285715,6.0,76653.42857142857,47388.28571428572,14355.857142857143
2020-05-04,73.14285714285714,17.571428571428573,6.285714285714286,76726.57142857143,47405.857142857145,14362.142857142857
2020-05-05,71.71428571428571,17.142857142857142,6.0,76798.28571428571,47423.0,14368.142857142857
2020-05-06,70.85714285714286,17.285714285714285,6.142857142857143,76869.14285714286,47440.28571428572,14374.285714285714
2020-05-07,68.57142857142857,15.714285714285714,5.714285714285714,76937.71428571429,47456.0,14380.0
2020-05-08,64.71428571428571,15.142857142857142,5.714285714285714,77002.42857142857,47471.142857142855,14385.714285714286
2020-05-09,61.142857142857146,13.0,5.0,77063.57142857143,47484.142857142855,14390.714285714286
2020-05-10,59.714285714285715,12.142857142857142,4.571428571428571,77123.28571428571,47496.28571428572,14395.285714285714
2020-05-11,55.285714285714285,10.0,3.2857142857142856,77178.57142857143,47506.28571428572,14398.57142857143
2020-05-12,51.57142857142857,9.142857142857142,3.2857142857142856,77230.14285714286,47515.42857142857,14401.857142857143
2020-05-13,47.142857142857146,8.571428571428571,2.857142857142857,77277.28571428571,47524.0,14404.714285714286
2020-05-14,45.42857142857143,7.857142857142857,2.4285714285714284,77322.71428571429,47531.857142857145,14407.142857142857
2020-05-15,43.285714285714285,7.571428571428571,1.7142857142857142,77366.0,47539.42857142857,14408.857142857143
2020-05-16,40.857142857142854,8.285714285714286,2.0,77406.85714285714,47547.71428571428,14410.857142857143
2020-05-17,38.57142857142857,8.714285714285714,1.8571428571428572,77445.42857142857,47556.42857142857,14412.714285714286
2020-05-18,36.714285714285715,8.857142857142858,1.7142857142857142,77482.14285714286,47565.28571428572,14414.42857142857
2020-05-19,35.57142857142857,8.571428571428571,1.1428571428571428,77517.71428571429,47573.857142857145,14415.57142857143
2020-05-20,36.142857142857146,8.142857142857142,1.0,77553.85714285714,47582.0,14416.57142857143
2020-05-21,34.285714285714285,8.0,1.1428571428571428,77588.14285714286,47590.0,14417.714285714286
2020-05-22,30.714285714285715,7.428571428571429,1.2857142857142858,77618.85714285714,47597.42857142857,14419.0
2020-05-23,29.0,6.571428571428571,0.8571428571428571,77647.85714285714,47604.0,14419.857142857143
2020-05-24,24.714285714285715,5.571428571428571,0.8571428571428571,77672.57142857143,47609.57142857143,14420.714285714286
2020-05-25,22.285714285714285,5.0,1.0,77694.85714285714,47614.57142857143,14421.714285714286
2020-05-26,22.142857142857142,5.285714285714286,1.0,77717.0,47619.857142857145,14422.714285714286
2020-05-27,21.0,5.428571428571429,1.0,77738.0,47625.28571428572,14423.714285714286
2020-05-28,20.571428571428573,4.571428571428571,0.5714285714285714,77758.57142857143,47629.857142857145,14424.285714285714
2020-05-29,21.428571428571427,4.571428571428571,0.42857142857142855,77780.0,47634.42857142857,14424.714285714286
2020-05-30,20.571428571428573,4.0,0.14285714285714285,77800.57142857143,47638.42857142857,14424.857142857143
2020-05-31,20.0,4.428571428571429,0.2857142857142857,77820.57142857143,47642.857142857145,14425.142857142857
2020-06-01,20.0,4.285714285714286,0.14285714285714285,77840.57142857143,47647.142857142855,14425.285714285714
2020-06-02,18.428571428571427,3.857142857142857,0.14285714285714285,77859.0,47651.0,14425.42857142857
2020-06-03,17.142857142857142,4.0,0.14285714285714285,77876.14285714286,47655.0,14425.57142857143
2020-06-04,15.857142857142858,4.0,0.14285714285714285,77892.0,47659.0,14425.714285714286
2020-06-05,14.285714285714286,3.142857142857143,0.14285714285714285,77906.28571428571,47662.142857142855,14425.857142857143
2020-06-06,13.857142857142858,3.142857142857143,0.14285714285714285,77920.14285714286,47665.28571428572,14426.0
2020-06-07,14.285714285714286,2.7142857142857144,0.14285714285714285,77934.42857142857,47668.0,14426.142857142857
2020-06-08,14.285714285714286,3.0,0.14285714285714285,77948.71428571429,47671.0,14426.285714285714
2020-06-09,14.571428571428571,3.7142857142857144,0.14285714285714285,77963.28571428571,47674.71428571428,14426.42857142857
2020-06-10,14.714285714285714,3.4285714285714284,0.2857142857142857,77978.0,47678.142857142855,14426.714285714286
2020-06-11,15.142857142857142,3.857142857142857,0.42857142857142855,77993.14285714286,47682.0,14427.142857142857
2020-06-12,15.142857142857142,4.142857142857143,0.5714285714285714,78008.28571428571,47686.142857142855,14427.714285714286
2020-06-13,15.571428571428571,4.285714285714286,0.5714285714285714,78023.85714285714,47690.42857142857,14428.285714285714
2020-06-14,16.857142857142858,4.428571428571429,0.5714285714285714,78040.71428571429,47694.857142857145,14428.857142857143
2020-06-15,18.142857142857142,4.142857142857143,0.5714285714285714,78058.85714285714,47699.0,14429.42857142857
2020-06-16,19.0,3.5714285714285716,0.7142857142857143,78077.85714285714,47702.57142857143,14430.142857142857
2020-06-17,20.571428571428573,4.0,0.7142857142857143,78098.42857142857,47706.57142857143,14430.857142857143
2020-06-18,21.142857142857142,3.857142857142857,0.8571428571428571,78119.57142857143,47710.42857142857,14431.714285714286
2020-06-19,22.714285714285715,4.285714285714286,0.7142857142857143,78142.28571428571,47714.71428571428,14432.42857142857
2020-06-20,24.285714285714285,4.714285714285714,0.8571428571428571,78166.57142857143,47719.42857142857,14433.285714285714
2020-06-21,23.571428571428573,5.285714285714286,0.7142857142857143,78190.14285714286,47724.71428571428,14434.0
2020-06-22,22.857142857142858,5.571428571428571,0.8571428571428571,78213.0,47730.28571428572,14434.857142857143
2020-06-23,22.571428571428573,5.714285714285714,0.7142857142857143,78235.57142857143,47736.0,14435.57142857143
2020-06-24,20.571428571428573,5.142857142857143,0.7142857142857143,78256.14285714286,47741.142857142855,14436.285714285714
2020-06-25,19.285714285714285,4.571428571428571,0.42857142857142855,78275.42857142857,47745.71428571428,14436.714285714286
2020-06-26,17.857142857142858,4.428571428571429,0.5714285714285714,78293.28571428571,47750.142857142855,14437.285714285714
2020-06-27,15.714285714285714,4.0,0.42857142857142855,78309.0,47754.142857142855,14437.714285714286
2020-06-28,15.0,3.5714285714285716,0.42857142857142855,78324.0,47757.71428571428,14438.142857142857
2020-06-29,11.714285714285714,2.5714285714285716,0.2857142857142857,78335.71428571429,47760.28571428572,14438.42857142857
2020-06-30,9.857142857142858,2.4285714285714284,0.5714285714285714,78345.57142857143,47762.71428571428,14439.0
2020-07-01,8.857142857142858,2.142857142857143,0.5714285714285714,78354.42857142857,47764.857142857145,14439.57142857143
2020-07-02,8.142857142857142,2.142857142857143,0.5714285714285714,78362.57142857143,47767.0,14440.142857142857
2020-07-03,6.857142857142857,2.2857142857142856,0.42857142857142855,78369.42857142857,47769.28571428572,14440.57142857143
2020-07-04,7.142857142857143,2.7142857142857144,0.42857142857142855,78376.57142857143,47772.0,14441.0
2020-07-05,7.0,2.4285714285714284,0.42857142857142855,78383.57142857143,47774.42857142857,14441.42857142857
2020-07-06,7.857142857142857,2.857142857142857,0.42857142857142855,78391.42857142857,47777.28571428572,14441.857142857143
2020-07-07,8.571428571428571,2.857142857142857,0.14285714285714285,78400.0,47780.142857142855,14442.0
2020-07-08,8.857142857142858,3.2857142857142856,0.0,78408.85714285714,47783.42857142857,14442.0
2020-07-09,9.0,3.142857142857143,0.0,78417.85714285714,47786.57142857143,14442.0
2020-07-10,9.571428571428571,2.857142857142857,0.0,78427.42857142857,47789.42857142857,14442.0
2020-07-11,8.714285714285714,2.4285714285714284,0.0,78436.14285714286,47791.857142857145,14442.0
2020-07-12,8.857142857142858,2.7142857142857144,0.0,78445.0,47794.57142857143,14442.0
2020-07-13,9.142857142857142,2.5714285714285716,0.14285714285714285,78454.14285714286,47797.142857142855,14442.142857142857
2020-07-14,8.571428571428571,2.2857142857142856,0.2857142857142857,78462.71428571429,47799.42857142857,14442.42857142857
2020-07-15,8.285714285714286,1.8571428571428572,0.2857142857142857,78471.0,47801.28571428572,14442.714285714286
2020-07-16,8.285714285714286,2.0,0.2857142857142857,78479.28571428571,47803.28571428572,14443.0
2020-07-17,9.0,1.7142857142857142,0.2857142857142857,78488.28571428571,47805.0,14443.285714285714
2020-07-18,8.857142857142858,1.8571428571428572,0.2857142857142857,78497.14285714286,47806.857142857145,14443.57142857143
2020-07-19,8.857142857142858,1.5714285714285714,0.2857142857142857,78506.0,47808.42857142857,14443.857142857143
2020-07-20,9.857142857142858,1.8571428571428572,0.14285714285714285,78515.85714285714,47810.28571428572,14444.0
2020-07-21,9.571428571428571,1.7142857142857142,0.0,78525.42857142857,47812.0,14444.0
2020-07-22,9.714285714285714,1.8571428571428572,0.0,78535.14285714286,47813.857142857145,14444.0
2020-07-23,9.714285714285714,1.7142857142857142,0.0,78544.85714285714,47815.57142857143,14444.0
2020-07-24,9.0,2.142857142857143,0.0,78553.85714285714,47817.71428571428,14444.0
2020-07-25,8.571428571428571,1.7142857142857142,0.0,78562.42857142857,47819.42857142857,14444.0
2020-07-26,8.0,2.142857142857143,0.0,78570.42857142857,47821.57142857143,14444.0
2020-07-27,6.571428571428571,2.0,0.0,78577.0,47823.57142857143,14444.0
2020-07-28,8.428571428571429,3.0,0.0,78585.42857142857,47826.57142857143,14444.0
2020-07-29,8.428571428571429,3.142857142857143,0.0,78593.85714285714,47829.71428571428,14444.0
2020-07-30,9.0,3.4285714285714284,0.0,78602.85714285714,47833.142857142855,14444.0
2020-07-31,8.428571428571429,3.2857142857142856,0.0,78611.28571428571,47836.42857142857,14444.0
2020-08-01,10.0,3.5714285714285716,0.0,78621.28571428571,47840.0,14444.0
2020-08-02,10.285714285714286,3.4285714285714284,0.0,78631.57142857143,47843.42857142857,14444.0
2020-08-03,10.142857142857142,3.0,0.0,78641.71428571429,47846.42857142857,14444.0
2020-08-04,9.285714285714286,2.0,0.0,78651.0,47848.42857142857,14444.0
2020-08-05,10.142857142857142,2.0,0.0,78661.14285714286,47850.42857142857,14444.0
2020-08-06,9.571428571428571,1.8571428571428572,0.0,78670.71428571429,47852.28571428572,14444.0
2020-08-07,10.285714285714286,2.0,0.0,78681.0,47854.28571428572,14444.0
2020-08-08,9.428571428571429,2.0,0.0,78690.42857142857,47856.28571428572,14444.0
2020-08-09,9.142857142857142,1.5714285714285714,0.0,78699.57142857143,47857.857142857145,14444.0
2020-08-10,9.571428571428571,1.8571428571428572,0.0,78709.14285714286,47859.71428571428,14444.0
2020-08-11,8.714285714285714,1.8571428571428572,0.0,78717.85714285714,47861.57142857143,14444.0
2020-08-12,8.285714285714286,1.5714285714285714,0.0,78726.14285714286,47863.142857142855,14444.0
2020-08-13,8.285714285714286,1.5714285714285714,0.0,78734.42857142857,47864.71428571428,14444.0
2020-08-14,7.714285714285714,1.0,0.0,78742.14285714286,47865.71428571428,14444.0
2020-08-15,7.714285714285714,1.0,0.0,78749.85714285714,47866.71428571428,14444.0
2020-08-16,7.428571428571429,1.2857142857142858,0.0,78757.28571428571,47868.0,14444.0
2020-08-17,7.857142857142857,1.4285714285714286,0.0,78765.14285714286,47869.42857142857,14444.0
2020-08-18,7.857142857142857,1.5714285714285714,0.0,78773.0,47871.0,14444.0
2020-08-19,8.0,1.4285714285714286,0.0,78781.0,47872.42857142857,14444.0
2020-08-20,7.714285714285714,1.2857142857142858,0.0,78788.71428571429,47873.71428571428,14444.0
2020-08-21,7.714285714285714,1.4285714285714286,0.0,78796.42857142857,47875.142857142855,14444.0
2020-08-22,7.428571428571429,1.2857142857142858,0.0,78803.85714285714,47876.42857142857,14444.0
2020-08-23,8.0,1.2857142857142858,0.0,78811.85714285714,47877.71428571428,14444.0
2020-08-24,8.0,1.2857142857142858,0.0,78819.85714285714,47879.0,14444.0
2020-08-25,9.142857142857142,1.0,0.0,78829.0,47880.0,14444.0
2020-08-26,8.571428571428571,1.0,0.0,78837.57142857143,47881.0,14444.0
2020-08-27,9.428571428571429,1.0,0.0,78847.0,47882.0,14444.0
2020-08-28,10.0,0.8571428571428571,0.0,78857.0,47882.857142857145,14444.0
2020-08-29,10.571428571428571,1.1428571428571428,0.0,78867.57142857143,47884.0,14444.0
2020-08-30,10.857142857142858,1.0,0.0,78878.42857142857,47885.0,14444.0
2020-08-31,10.428571428571429,0.8571428571428571,0.0,78888.85714285714,47885.857142857145,14444.0
2020-09-01,10.142857142857142,1.0,0.0,78899.0,47886.857142857145,14444.0
2020-09-02,10.571428571428571,1.0,0.0,78909.57142857143,47887.857142857145,14444.0
2020-09-03,10.714285714285714,1.2857142857142858,0.14285714285714285,78920.28571428571,47889.142857142855,14444.142857142857
2020-09-04,10.142857142857142,1.4285714285714286,0.14285714285714285,78930.42857142857,47890.57142857143,14444.285714285714
2020-09-05,9.714285714285714,1.1428571428571428,0.14285714285714285,78940.14285714286,47891.71428571428,14444.42857142857
2020-09-06,8.428571428571429,1.0,0.14285714285714285,78948.57142857143,47892.71428571428,14444.57142857143
2020-09-07,8.285714285714286,0.8571428571428571,0.14285714285714285,78956.85714285714,47893.57142857143,14444.714285714286
2020-09-08,9.0,1.0,0.2857142857142857,78965.85714285714,47894.57142857143,14445.0
2020-09-09,9.428571428571429,1.2857142857142858,0.2857142857142857,78975.28571428571,47895.857142857145,14445.285714285714
2020-09-10,10.142857142857142,1.0,0.14285714285714285,78985.42857142857,47896.857142857145,14445.42857142857
2020-09-11,10.428571428571429,1.1428571428571428,0.2857142857142857,78995.85714285714,47898.0,14445.714285714286
2020-09-12,10.571428571428571,1.0,0.2857142857142857,79006.42857142857,47899.0,14446.0
2020-09-13,11.857142857142858,1.1428571428571428,0.42857142857142855,79018.28571428571,47900.142857142855,14446.42857142857
2020-09-14,12.571428571428571,1.4285714285714286,0.8571428571428571,79030.85714285714,47901.57142857143,14447.285714285714
2020-09-15,12.428571428571429,1.4285714285714286,0.7142857142857143,79043.28571428571,47903.0,14448.0
2020-09-16,12.428571428571429,1.1428571428571428,0.7142857142857143,79055.71428571429,47904.142857142855,14448.714285714286
2020-09-17,11.285714285714286,1.1428571428571428,0.7142857142857143,79067.0,47905.28571428572,14449.42857142857
2020-09-18,11.714285714285714,0.8571428571428571,0.5714285714285714,79078.71428571429,47906.142857142855,14450.0
2020-09-19,13.714285714285714,1.1428571428571428,0.7142857142857143,79092.42857142857,47907.28571428572,14450.714285714286
2020-09-20,14.571428571428571,1.0,0.5714285714285714,79107.0,47908.28571428572,14451.285714285714
2020-09-21,14.428571428571429,0.7142857142857143,0.2857142857142857,79121.42857142857,47909.0,14451.57142857143
2020-09-22,14.714285714285714,0.5714285714285714,0.2857142857142857,79136.14285714286,47909.57142857143,14451.857142857143
2020-09-23,15.428571428571429,1.0,0.5714285714285714,79151.57142857143,47910.57142857143,14452.42857142857
2020-09-24,16.142857142857142,1.4285714285714286,1.0,79167.71428571429,47912.0,14453.42857142857
2020-09-25,17.571428571428573,1.4285714285714286,1.0,79185.28571428571,47913.42857142857,14454.42857142857
2020-09-26,17.571428571428573,1.1428571428571428,0.8571428571428571,79202.85714285714,47914.57142857143,14455.285714285714
2020-09-27,17.714285714285715,1.4285714285714286,1.0,79220.57142857143,47916.0,14456.285714285714
2020-09-28,18.571428571428573,1.2857142857142858,0.8571428571428571,79239.14285714286,47917.28571428572,14457.142857142857
2020-09-29,18.571428571428573,1.4285714285714286,1.1428571428571428,79257.71428571429,47918.71428571428,14458.285714285714
2020-09-30,18.571428571428573,1.2857142857142858,1.1428571428571428,79276.28571428571,47920.0,14459.42857142857
2020-10-01,18.857142857142858,0.8571428571428571,0.7142857142857143,79295.14285714286,47920.857142857145,14460.142857142857
2020-10-02,18.285714285714285,0.8571428571428571,0.7142857142857143,79313.42857142857,47921.71428571428,14460.857142857143
2020-10-03,17.428571428571427,1.1428571428571428,1.0,79330.85714285714,47922.857142857145,14461.857142857143
2020-10-04,17.142857142857142,1.0,0.8571428571428571,79348.0,47923.857142857145,14462.714285714286
2020-10-05,16.857142857142858,1.2857142857142858,0.8571428571428571,79364.85714285714,47925.142857142855,14463.57142857143
2020-10-06,18.714285714285715,1.0,0.5714285714285714,79383.57142857143,47926.142857142855,14464.142857142857
2020-10-07,20.285714285714285,0.7142857142857143,0.2857142857142857,79403.85714285714,47926.857142857145,14464.42857142857
2020-10-08,19.857142857142858,0.8571428571428571,0.42857142857142855,79423.71428571429,47927.71428571428,14464.857142857143
2020-10-09,19.142857142857142,1.2857142857142858,0.5714285714285714,79442.85714285714,47929.0,14465.42857142857
2020-10-10,19.285714285714285,1.2857142857142858,0.42857142857142855,79462.14285714286,47930.28571428572,14465.857142857143
2020-10-11,18.857142857142858,1.1428571428571428,0.42857142857142855,79481.0,47931.42857142857,14466.285714285714
2020-10-12,19.714285714285715,0.8571428571428571,0.42857142857142855,79500.71428571429,47932.28571428572,14466.714285714286
2020-10-13,17.857142857142858,1.0,0.5714285714285714,79518.57142857143,47933.28571428572,14467.285714285714
2020-10-14,16.285714285714285,1.1428571428571428,0.7142857142857143,79534.85714285714,47934.42857142857,14468.0
2020-10-15,17.142857142857142,1.1428571428571428,0.7142857142857143,79552.0,47935.57142857143,14468.714285714286
2020-10-16,18.714285714285715,1.0,0.8571428571428571,79570.71428571429,47936.57142857143,14469.57142857143
2020-10-17,19.142857142857142,0.8571428571428571,0.8571428571428571,79589.85714285714,47937.42857142857,14470.42857142857
2020-10-18,20.428571428571427,1.0,1.0,79610.28571428571,47938.42857142857,14471.42857142857
2020-10-19,20.857142857142858,1.4285714285714286,1.2857142857142858,79631.14285714286,47939.857142857145,14472.714285714286
2020-10-20,22.857142857142858,2.142857142857143,2.0,79654.0,47942.0,14474.714285714286
2020-10-21,25.714285714285715,3.0,2.857142857142857,79679.71428571429,47945.0,14477.57142857143
2020-10-22,27.142857142857142,3.4285714285714284,3.2857142857142856,79706.85714285714,47948.42857142857,14480.857142857143
2020-10-23,28.571428571428573,3.2857142857142856,3.142857142857143,79735.42857142857,47951.71428571428,14484.0
2020-10-24,29.714285714285715,3.5714285714285716,3.4285714285714284,79765.14285714286,47955.28571428572,14487.42857142857
2020-10-25,31.714285714285715,4.0,3.5714285714285716,79796.85714285714,47959.28571428572,14491.0
2020-10-26,33.42857142857143,3.7142857142857144,3.4285714285714284,79830.28571428571,47963.0,14494.42857142857
2020-10-27,32.857142857142854,3.0,2.5714285714285716,79863.14285714286,47966.0,14497.0
2020-10-28,31.857142857142858,2.0,1.5714285714285714,79895.0,47968.0,14498.57142857143
2020-10-29,32.0,1.4285714285714286,1.0,79927.0,47969.42857142857,14499.57142857143
2020-10-30,30.428571428571427,1.4285714285714286,1.0,79957.42857142857,47970.857142857145,14500.57142857143
2020-10-31,30.285714285714285,1.2857142857142858,0.8571428571428571,79987.71428571429,47972.142857142855,14501.42857142857
2020-11-01,29.0,1.0,0.7142857142857143,80016.71428571429,47973.142857142855,14502.142857142857
2020-11-02,29.571428571428573,1.4285714285714286,1.0,80046.28571428571,47974.57142857143,14503.142857142857
2020-11-03,30.714285714285715,1.7142857142857142,1.0,80077.0,47976.28571428572,14504.142857142857
2020-11-04,29.857142857142858,1.7142857142857142,1.0,80106.85714285714,47978.0,14505.142857142857
2020-11-05,28.857142857142858,1.8571428571428572,1.1428571428571428,80135.71428571429,47979.857142857145,14506.285714285714
2020-11-06,29.857142857142858,2.2857142857142856,1.4285714285714286,80165.57142857143,47982.142857142855,14507.714285714286
2020-11-07,30.142857142857142,2.142857142857143,1.2857142857142858,80195.71428571429,47984.28571428572,14509.0
2020-11-08,30.0,2.857142857142857,1.5714285714285714,80225.71428571429,47987.142857142855,14510.57142857143
2020-11-09,28.857142857142858,2.7142857142857144,1.4285714285714286,80254.57142857143,47989.857142857145,14512.0
2020-11-10,28.571428571428573,3.0,1.5714285714285714,80283.14285714286,47992.857142857145,14513.57142857143
2020-11-11,31.0,3.2857142857142856,1.7142857142857142,80314.14285714286,47996.142857142855,14515.285714285714
2020-11-12,31.714285714285715,3.857142857142857,1.5714285714285714,80345.85714285714,48000.0,14516.857142857143
2020-11-13,33.42857142857143,6.285714285714286,1.4285714285714286,80379.28571428571,48006.28571428572,14518.285714285714
2020-11-14,34.857142857142854,9.142857142857142,1.2857142857142858,80414.14285714286,48015.42857142857,14519.57142857143
2020-11-15,34.857142857142854,10.857142857142858,0.8571428571428571,80449.0,48026.28571428572,14520.42857142857
2020-11-16,36.0,15.0,0.5714285714285714,80485.0,48041.28571428572,14521.0
2020-11-17,39.0,20.714285714285715,0.5714285714285714,80524.0,48062.0,14521.57142857143
2020-11-18,37.42857142857143,24.0,0.42857142857142855,80561.42857142857,48086.0,14522.0
2020-11-19,39.0,27.571428571428573,0.42857142857142855,80600.42857142857,48113.57142857143,14522.42857142857
2020-11-20,39.714285714285715,30.285714285714285,0.14285714285714285,80640.14285714286,48143.857142857145,14522.57142857143
2020-11-21,41.714285714285715,33.714285714285715,0.2857142857142857,80681.85714285714,48177.57142857143,14522.857142857143
2020-11-22,44.0,36.0,0.2857142857142857,80725.85714285714,48213.57142857143,14523.142857142857
2020-11-23,46.714285714285715,39.0,0.42857142857142855,80772.57142857143,48252.57142857143,14523.57142857143
2020-11-24,45.42857142857143,38.42857142857143,0.2857142857142857,80818.0,48291.0,14523.857142857143
2020-11-25,47.714285714285715,40.42857142857143,0.2857142857142857,80865.71428571429,48331.42857142857,14524.142857142857
2020-11-26,47.142857142857146,40.285714285714285,0.42857142857142855,80912.85714285714,48371.71428571428,14524.57142857143
2020-11-27,47.42857142857143,40.0,0.5714285714285714,80960.28571428571,48411.71428571428,14525.142857142857
2020-11-28,44.42857142857143,37.0,0.5714285714285714,81004.71428571429,48448.71428571428,14525.714285714286
2020-11-29,41.285714285714285,34.42857142857143,0.5714285714285714,81046.0,48483.142857142855,14526.285714285714
2020-11-30,39.42857142857143,31.714285714285715,0.42857142857142855,81085.42857142857,48514.857142857145,14526.714285714286
2020-12-01,42.285714285714285,32.57142857142857,0.42857142857142855,81127.71428571429,48547.42857142857,14527.142857142857
2020-12-02,40.0,30.714285714285715,0.42857142857142855,81167.71428571429,48578.142857142855,14527.57142857143
2020-12-03,40.714285714285715,31.428571428571427,0.42857142857142855,81208.42857142857,48609.57142857143,14528.0
2020-12-04,38.0,28.571428571428573,0.2857142857142857,81246.42857142857,48638.142857142855,14528.285714285714
2020-12-05,38.285714285714285,29.285714285714285,0.14285714285714285,81284.71428571429,48667.42857142857,14528.42857142857
2020-12-06,43.857142857142854,33.57142857142857,0.14285714285714285,81328.57142857143,48701.0,14528.57142857143
2020-12-07,45.42857142857143,35.42857142857143,0.42857142857142855,81374.0,48736.42857142857,14529.0
2020-12-08,41.857142857142854,34.0,0.5714285714285714,81415.85714285714,48770.42857142857,14529.57142857143
2020-12-09,43.0,35.285714285714285,0.5714285714285714,81458.85714285714,48805.71428571428,14530.142857142857
2020-12-10,43.42857142857143,35.714285714285715,0.42857142857142855,81502.28571428571,48841.42857142857,14530.57142857143
2020-12-11,44.0,37.142857142857146,0.42857142857142855,81546.28571428571,48878.57142857143,14531.0
2020-12-12,43.57142857142857,36.142857142857146,0.42857142857142855,81589.85714285714,48914.71428571428,14531.42857142857
2020-12-13,42.42857142857143,36.0,0.42857142857142855,81632.28571428571,48950.71428571428,14531.857142857143
2020-12-14,39.714285714285715,34.42857142857143,0.14285714285714285,81672.0,48985.142857142855,14532.0
2020-12-15,42.285714285714285,36.857142857142854,0.14285714285714285,81714.28571428571,49022.0,14532.142857142857
2020-12-16,39.42857142857143,34.42857142857143,0.14285714285714285,81753.71428571429,49056.42857142857,14532.285714285714
2020-12-17,38.42857142857143,33.714285714285715,0.14285714285714285,81792.14285714286,49090.142857142855,14532.42857142857
2020-12-18,37.42857142857143,33.142857142857146,0.14285714285714285,81829.57142857143,49123.28571428572,14532.57142857143
2020-12-19,37.714285714285715,33.714285714285715,0.14285714285714285,81867.28571428571,49157.0,14532.714285714286
2020-12-20,35.142857142857146,31.571428571428573,0.14285714285714285,81902.42857142857,49188.57142857143,14532.857142857143
2020-12-21,36.285714285714285,32.714285714285715,0.14285714285714285,81938.71428571429,49221.28571428572,14533.0
2020-12-22,31.714285714285715,28.285714285714285,0.0,81970.42857142857,49249.57142857143,14533.0
2020-12-23,32.714285714285715,29.0,0.0,82003.14285714286,49278.57142857143,14533.0
2020-12-24,30.571428571428573,27.0,0.0,82033.71428571429,49305.57142857143,14533.0
2020-12-25,30.714285714285715,27.142857142857142,0.0,82064.42857142857,49332.71428571428,14533.0
2020-12-26,32.42857142857143,29.142857142857142,0.0,82096.85714285714,49361.857142857145,14533.0
2020-12-27,30.714285714285715,27.428571428571427,0.0,82127.57142857143,49389.28571428572,14533.0
2020-12-28,27.857142857142858,24.714285714285715,0.0,82155.42857142857,49414.0,14533.0
2020-12-29,28.285714285714285,24.857142857142858,0.0,82183.71428571429,49438.857142857145,14533.0
2020-12-30,27.714285714285715,24.142857142857142,0.0,82211.42857142857,49463.0,14533.0
